<?xml version="1.0" encoding="utf-8"?>
<WebWorksHelpBook version="5.0" name="Welcome to ClaimCenter Configuration Upgrade" context="welcome" locale="en" xmlns="urn:WebWorks-Help-Book-Files-Schema">
  <CommonWordsToSkip minlen="2">
    a about after all also am an and another any are as at
    be because been before being between both but by
    came can come copyright corp corporation could
    did do does
    each etc
    for from
    get goes got
    had has have he her here him himself his how
    if in inc into is it its
    let like
    make many me might more most much must my
    never nor not now
    of off on one only or other our out over own
    reserved rights
    said same see set shall she should since so some still such
    take than that the their them then there these they this those though through to too
    under us use
    very
    was way we well were what when where which while who why will with would
    yes yet you your
   </CommonWordsToSkip>
  <ScoringPrefs>
    <meta name="keywords" weight="100" />
    <meta name="description" weight="50" />
    <meta name="summary" weight="50" />
    <title weight="20" />
    <h1 weight="200" />
    <h2 weight="150" />
    <caption weight="1" />
    <h3 weight="50" />
    <th weight="1" />
    <h4 weight="15" />
    <h5 weight="10" />
    <h6 weight="5" />
    <h7 weight="5" />
  </ScoringPrefs>
  <DocumentInfo>
    <Document title="Welcome to ClaimCenter 1.11.0" href="cover.html" />
  </DocumentInfo>
  <TopicMap>
    <Topic name="Welcome" href="cover.html#1018755" />
  </TopicMap>
</WebWorksHelpBook>