<?xml version="1.0" encoding="utf-8"?>
<WebWorksHelpBook version="5.0" name="Configuration Upgrade Guide" context="upgrade-config" locale="en" xmlns="urn:WebWorks-Help-Book-Files-Schema">
  <CommonWordsToSkip minlen="2">
    a about after all also am an and another any are as at
    be because been before being between both but by
    came can come copyright corp corporation could
    did do does
    each etc
    for from
    get goes got
    had has have he her here him himself his how
    if in inc into is it its
    let like
    make many me might more most much must my
    never nor not now
    of off on one only or other our out over own
    reserved rights
    said same see set shall she should since so some still such
    take than that the their them then there these they this those though through to too
    under us use
    very
    was way we well were what when where which while who why will with would
    yes yet you your
   </CommonWordsToSkip>
  <ScoringPrefs>
    <meta name="keywords" weight="100" />
    <meta name="description" weight="50" />
    <meta name="summary" weight="50" />
    <title weight="20" />
    <h1 weight="200" />
    <h2 weight="150" />
    <caption weight="1" />
    <h3 weight="50" />
    <th weight="1" />
    <h4 weight="15" />
    <h5 weight="10" />
    <h6 weight="5" />
    <h7 weight="5" />
  </ScoringPrefs>
  <DocumentInfo>
    <Document title="Guidewire ClaimCenter®" href="cover-upgrade-config.html" />
    <Document title="About ClaimCenter Documentation" href="about.html" />
    <Document title="Upgrade Overview" href="part-basicupgrade.html" />
    <Document title="Planning Your ClaimCenter Upgrade" href="planning.04.01.html" />
    <Document title="Overview of the Upgrade Process" href="planning.04.02.html" />
    <Document title="Overview of ContactManager Upgrade" href="planning.04.03.html" />
    <Document title="Supported Starting Version" href="planning.04.04.html" />
    <Document title="Upgrading Language Packs" href="planning.04.05.html" />
    <Document title="Roadmap for Planning the Upgrade" href="planning.04.06.html" />
    <Document title="Upgrade Assessment" href="planning.04.07.html" />
    <Document title="Preparing for the Upgrade" href="planning.04.08.html" />
    <Document title="Project Inception" href="planning.04.09.html" />
    <Document title="Design and Development" href="planning.04.10.html" />
    <Document title="System Test" href="planning.04.11.html" />
    <Document title="Deployment and Support" href="planning.04.12.html" />
    <Document title="Rolling Upgrade" href="planning.04.13.html" />
    <Document title="Configuration Upgrade Tools" href="upgrade-tools.05.1.html" />
    <Document title="Overview of ClaimCenter Configuration Upgrade" href="upgrade-tools.05.2.html" />
    <Document title="About the Configuration Upgrade Tools" href="upgrade-tools.05.3.html" />
    <Document title="Upgrading from 8.0" href="p-upgrade-e.html" />
    <Document title="Upgrading the ClaimCenter 8.0 Configuration" href="procedure-config-e.07.01.html" />
    <Document title="Preparing for an Upgrade" href="procedure-config-e.07.02.html" />
    <Document title="Removing Language Packs" href="procedure-config-e.07.03.html" />
    <Document title="Updating Infrastructure" href="procedure-config-e.07.04.html" />
    <Document title="About the Configuration Upgrade Tools" href="procedure-config-e.07.05.html" />
    <Document title="Configuration Upgrade Automated Steps" href="procedure-config-e.07.06.html" />
    <Document title="Using the Configuration Upgrade Merge Tools" href="procedure-config-e.07.07.html" />
    <Document title="Configuration Merging Guidelines" href="procedure-config-e.07.08.html" />
    <Document title="Data Model Merging Guidelines" href="procedure-config-e.07.09.html" />
    <Document title="Merging Display Properties" href="procedure-config-e.07.10.html" />
    <Document title="Upgrading Rules to ClaimCenter 9.0" href="procedure-config-e.07.11.html" />
    <Document title="Translating New Display Properties and Typecodes" href="procedure-config-e.07.12.html" />
    <Document title="Modifying PCF files, Rules and Libraries for Unused Contact Subtypes" href="procedure-config-e.07.13.html" />
    <Document title="Web Services for Claims" href="procedure-config-e.07.14.html" />
    <Document title="Validating the ClaimCenter 9.0 Configuration" href="procedure-config-e.07.15.html" />
    <Document title="ClusteringComponent Class Removed" href="procedure-config-e.07.16.html" />
    <Document title="Building and Deploying ClaimCenter 9.0" href="procedure-config-e.07.17.html" />
    <Document title="Upgrading the ClaimCenter 8.0 Database" href="procedure-db-e.html" />
    <Document title="Upgrading from 7.0" href="p-upgrade-d.html" />
    <Document title="Upgrading the ClaimCenter 7.0 Configuration" href="procedure-config-d.10.01.html" />
    <Document title="Preparing for an Upgrade" href="procedure-config-d.10.02.html" />
    <Document title="Removing Language Packs" href="procedure-config-d.10.03.html" />
    <Document title="Updating Infrastructure" href="procedure-config-d.10.04.html" />
    <Document title="About the Configuration Upgrade Tools" href="procedure-config-d.10.05.html" />
    <Document title="Configuration Upgrade Automated Steps" href="procedure-config-d.10.06.html" />
    <Document title="Using the Configuration Upgrade Merge Tools" href="procedure-config-d.10.07.html" />
    <Document title="Configuration Merging Guidelines" href="procedure-config-d.10.08.html" />
    <Document title="Data Model Merging Guidelines" href="procedure-config-d.10.09.html" />
    <Document title="Handling New Currency" href="procedure-config-d.10.10.html" />
    <Document title="Changes to the Logging API" href="procedure-config-d.10.11.html" />
    <Document title="Reviewing Changes to Multicurrency Functionality" href="procedure-config-d.10.12.html" />
    <Document title="Merging Auto Death Benefit and Auto Disability Benefit" href="procedure-config-d.10.13.html" />
    <Document title="Adding DDL Configuration Options to database-config.xml" href="procedure-config-d.10.14.html" />
    <Document title="Merging Changes to Field Validators" href="procedure-config-d.10.15.html" />
    <Document title="Renaming PCF files According to Their Modes" href="procedure-config-d.10.16.html" />
    <Document title="Updating Custom Code for Moved Packages" href="procedure-config-d.10.17.html" />
    <Document title="Considering Accepting Changes to collations.xml" href="procedure-config-d.10.18.html" />
    <Document title="Using ReserveLineInputSet in Payment and Recovery Screens" href="procedure-config-d.10.19.html" />
    <Document title="Reviewing Replacement of Fields and Roles with Service Requests" href="procedure-config-d.10.20.html" />
    <Document title="Reviewing Change to Aggregate Limits Screen" href="procedure-config-d.10.21.html" />
    <Document title="Merging Display Properties" href="procedure-config-d.10.22.html" />
    <Document title="Merging Other Files" href="procedure-config-d.10.23.html" />
    <Document title="Fixing Gosu Issues" href="procedure-config-d.10.24.html" />
    <Document title="Upgrading Rules to ClaimCenter 9.0" href="procedure-config-d.10.25.html" />
    <Document title="Translating New Display Properties and Typecodes" href="procedure-config-d.10.26.html" />
    <Document title="Modifying PCF files, Rules and Libraries for Unused Contact Subtypes" href="procedure-config-d.10.27.html" />
    <Document title="ClusteringComponent Class Removed" href="procedure-config-d.10.28.html" />
    <Document title="Validating the ClaimCenter 9.0 Configuration" href="procedure-config-d.10.29.html" />
    <Document title="Building and Deploying ClaimCenter 9.0" href="procedure-config-d.10.30.html" />
    <Document title="Upgrading the ClaimCenter 7.0 Database" href="procedure-db-d.html" />
  </DocumentInfo>
  <TopicMap />
</WebWorksHelpBook>