<?xml version="1.0" encoding="utf-8"?>
<WebWorksHelpTOC version="5.0" xmlns="urn:WebWorks-Help-TOC-Schema">
  <i t="About ClaimCenter Documentation">
    <i t="About ClaimCenter Documentation" l="1">
      <i t="Conventions in This Document" l="1#2128121" />
      <i t="Support" l="1#2128167" />
    </i>
  </i>
  <i t="Upgrade Overview" l="2#1034444">
    <i t="Planning Your ClaimCenter Upgrade" l="3">
      <i t="Overview of the Upgrade Process" l="4">
        <i t="How Guidewire Architecture Supports Upgrades" l="4#1672515" />
        <i t="Upgrades Prior to Initial Production Deployment" l="4#1678065" />
      </i>
      <i t="Overview of ContactManager Upgrade" l="5" />
      <i t="Supported Starting Version" l="6">
        <i t="Upgrading from 7.0" l="6#1671279" />
        <i t="Upgrading from 8.0" l="6#1671190" />
        <i t="Upgrading from Versions Prior to 7.0" l="6#1651883" />
      </i>
      <i t="Upgrading Language Packs" l="7" />
      <i t="Roadmap for Planning the Upgrade" l="8" />
      <i t="Upgrade Assessment" l="9" />
      <i t="Preparing for the Upgrade" l="10" />
      <i t="Project Inception" l="11" />
      <i t="Design and Development" l="12" />
      <i t="System Test" l="13" />
      <i t="Deployment and Support" l="14">
        <i t="Sample Deployment Plan" l="14#1119035" />
      </i>
      <i t="Rolling Upgrade" l="15" />
    </i>
    <i t="Configuration Upgrade Tools" l="16">
      <i t="Overview of ClaimCenter Configuration Upgrade" l="17">
        <i t="Configuration Upgrade Tools Introduction" l="17#1923321" />
        <i t="Installing the Configuration Upgrade Tools" l="17#1923337" />
        <i t="Viewing Differences Between Base and Target Releases" l="17#1923353" />
        <i t="Specifying Configuration and Tool Locations" l="17#1923370" />
      </i>
      <i t="About the Configuration Upgrade Tools" l="18" />
    </i>
  </i>
  <i t="Upgrading from 8.0" l="19#1340660">
    <i t="Upgrading the ClaimCenter 8.0 Configuration" l="20">
      <i t="Preparing for an Upgrade" l="21" />
      <i t="Removing Language Packs" l="22" />
      <i t="Updating Infrastructure" l="23" />
      <i t="About the Configuration Upgrade Tools" l="24" />
      <i t="Configuration Upgrade Automated Steps" l="25">
        <i t="Copying Custom Rules and Adding ClaimCenter 9.0 Default Rules" l="25#1972359" />
      </i>
      <i t="Using the Configuration Upgrade Merge Tools" l="26">
        <i t="Configuration Upgrade Merge Tracker" l="26#1972503" />
        <i t="Configuration Upgrade Smart Merge" l="26#1972822" />
        <i t="Using Smart Merge in standalone mode" l="26#1972854" />
      </i>
      <i t="Configuration Merging Guidelines" l="27" />
      <i t="Data Model Merging Guidelines" l="28">
        <i t="Merging Typelists – Overview" l="28#1972901" />
        <i t="Merging Typelists – Simple Typelists" l="28#1972911" />
        <i t="Merging Typelists – Complex Typelists" l="28#1972929" />
        <i t="Reviewing Shared Typekey Configuration" l="28#1972960" />
        <i t="Merging Lines of Business" l="28#1972988" />
        <i t="Merging Entity Extensions" l="28#1973012" />
        <i t="Reviewing Custom Extensions" l="28#1973029" />
        <i t="Reconciling the Database with Custom Extensions" l="28#1973044" />
      </i>
      <i t="Merging Display Properties" l="29" />
      <i t="Upgrading Rules to ClaimCenter 9.0" l="30" />
      <i t="Translating New Display Properties and Typecodes" l="31" />
      <i t="Modifying PCF files, Rules and Libraries for Unused Contact Subtypes" l="32" />
      <i t="Web Services for Claims" l="33" />
      <i t="Validating the ClaimCenter 9.0 Configuration" l="34">
        <i t="Using Studio to Verify Files" l="34#1973449" />
        <i t="Starting ClaimCenter and Resolving Errors" l="34#1973472" />
      </i>
      <i t="ClusteringComponent Class Removed" l="35" />
      <i t="Building and Deploying ClaimCenter 9.0" l="36" />
    </i>
    <i t="Upgrading the ClaimCenter 8.0 Database" l="37" />
  </i>
  <i t="Upgrading from 7.0" l="38#1340660">
    <i t="Upgrading the ClaimCenter 7.0 Configuration" l="39">
      <i t="Preparing for an Upgrade" l="40" />
      <i t="Removing Language Packs" l="41" />
      <i t="Updating Infrastructure" l="42" />
      <i t="About the Configuration Upgrade Tools" l="43" />
      <i t="Configuration Upgrade Automated Steps" l="44">
        <i t="Removing Template Pages" l="44#2006016" />
        <i t="Updating PCF Files" l="44#2006021" />
        <i t="Upgrading Work Queue Configuration" l="44#2006181" />
        <i t="Upgrading Database Configuration" l="44#2006187" />
        <i t="Splitting Localization.xml into Separate Files for each Locale" l="44#2006248" />
        <i t="Splitting address-config.xml into Separate Files for each Country" l="44#2006256" />
        <i t="Splitting zone-config.xml into Separate Files for each Country" l="44#2006264" />
        <i t="Splitting currencies.xml into Separate Files for each Currency" l="44#2006272" />
        <i t="Moving Country-based Field Validator Definition Files" l="44#2006277" />
        <i t="Moving Rules Files up One Directory" l="44#2006279" />
        <i t="Reformatting Rules for Display in Studio Rules Editor" l="44#2006281" />
        <i t="Copying Custom Rules and Adding ClaimCenter 9.0 Default Rules" l="44#2006286" />
        <i t="Renaming SOAP Web Services from XML to RWS" l="44#2006296" />
        <i t="Renaming Plugins from XML to GWP" l="44#2006298" />
        <i t="Renaming Display Names Files from XML to EN" l="44#2006300" />
        <i t="Upgrading Display Keys" l="44#2006303" />
        <i t="Adding nullok=&quot;true&quot; to Entity and Extension Foreign Key Columns" l="44#2006321" />
        <i t="Removing deletefk Attribute from Entity and Extension Foreign Keys" l="44#2006326" />
        <i t="Setting XML Namespace on Metadata Files" l="44#2006328" />
        <i t="Upgrading Document Assistant Parameters" l="44#2006341" />
        <i t="Separating Entities and Typelists" l="44#2006351" />
        <i t="Upgrading aggregatelimitconfig-used.xml" l="44#2006353" />
      </i>
      <i t="Using the Configuration Upgrade Merge Tools" l="45">
        <i t="Configuration Upgrade Merge Tracker" l="45#2006398" />
        <i t="Configuration Upgrade Smart Merge" l="45#2006717" />
        <i t="Using Smart Merge in standalone mode" l="45#2006749" />
      </i>
      <i t="Configuration Merging Guidelines" l="46" />
      <i t="Data Model Merging Guidelines" l="47">
        <i t="Updating Data Types for Case Sensitivity" l="47#2006795" />
        <i t="Merging Typelists – Overview" l="47#2006803" />
        <i t="Merging Typelists – Simple Typelists" l="47#2006813" />
        <i t="Merging Typelists – Complex Typelists" l="47#2006831" />
        <i t="Reviewing Shared Typekey Configuration" l="47#2006862" />
        <i t="Adding State Typelist Extensions to Jurisdiction" l="47#2006890" />
        <i t="Merging Lines of Business" l="47#2006899" />
        <i t="Merging Entity Extensions" l="47#2006924" />
        <i t="Reviewing Custom Extensions" l="47#2006973" />
        <i t="Reconciling the Database with Custom Extensions" l="47#2006988" />
        <i t="Removing Obsolete Attributes" l="47#2006990" />
        <i t="Updating Extractable Edge Foreign Keys" l="47#2006992" />
      </i>
      <i t="Handling New Currency" l="48" />
      <i t="Changes to the Logging API" l="49">
        <i t="Conceptual Changes to Logging" l="49#2007130" />
        <i t="Instantiating Loggers" l="49#2007187" />
        <i t="Logging Messages" l="49#2007217" />
        <i t="Passing Loggers as Parameters" l="49#2007230" />
      </i>
      <i t="Reviewing Changes to Multicurrency Functionality" l="50" />
      <i t="Merging Auto Death Benefit and Auto Disability Benefit" l="51" />
      <i t="Adding DDL Configuration Options to database-config.xml" l="52" />
      <i t="Merging Changes to Field Validators" l="53" />
      <i t="Renaming PCF files According to Their Modes" l="54" />
      <i t="Updating Custom Code for Moved Packages" l="55" />
      <i t="Considering Accepting Changes to collations.xml" l="56" />
      <i t="Using ReserveLineInputSet in Payment and Recovery Screens" l="57" />
      <i t="Reviewing Replacement of Fields and Roles with Service Requests" l="58" />
      <i t="Reviewing Change to Aggregate Limits Screen" l="59" />
      <i t="Merging Display Properties" l="60" />
      <i t="Merging Other Files" l="61" />
      <i t="Fixing Gosu Issues" l="62">
        <i t="Gosu Case Sensitivity" l="62#2007616" />
        <i t="Inequality Operator" l="62#2007637" />
        <i t="Ambiguous Method Calls" l="62#2007654" />
        <i t="Nested Comments" l="62#2007674" />
      </i>
      <i t="Upgrading Rules to ClaimCenter 9.0" l="63">
        <i t="Claim PreUpdate Reinsurance Rules" l="63#2007782" />
        <i t="Rules Required for Key 8.0 Features" l="63#2007817" />
      </i>
      <i t="Translating New Display Properties and Typecodes" l="64" />
      <i t="Modifying PCF files, Rules and Libraries for Unused Contact Subtypes" l="65" />
      <i t="ClusteringComponent Class Removed" l="66" />
      <i t="Validating the ClaimCenter 9.0 Configuration" l="67">
        <i t="Using Studio to Verify Files" l="67#2008220" />
        <i t="Starting ClaimCenter and Resolving Errors" l="67#2008243" />
      </i>
      <i t="Building and Deploying ClaimCenter 9.0" l="68" />
    </i>
    <i t="Upgrading the ClaimCenter 7.0 Database" l="69" />
  </i>
</WebWorksHelpTOC>